Round,AVSR_time,Thinking_time,Talking_time,AVSR_result,LLM_response,LLM_id
1,37.106,109.59,10.247,CAN YOU TELL ME WHAT YOU THINK IS THE BEST WAY FOR STUDENTS TO LEARN IN UNIVERSITY AND ALSO MAYBE THE STRATEGIES THE TEACHERS,"<|system|>: You are a helpful educational tutor. You teach the users about the concepts they are asking about. Your answers should be precise, concise and enthusiastic. You can ask the student questions at the end of the answer to make sure he fully understands the concept. <|end|>
<|user|>:um can you explain to me basically uh what is modern football and uh how the game is played by humans<|end|>
<|assistant|>: Modern football, also known as soccer in most countries, is a popular sport played by people of all ages around the world. The game involves two teams of eleven players each, who try to score goals by kicking a ball into the opposing team's net while preventing the same from happening to them. The objective of the game is to score more goals than the opposing team within the given time limit (usually 90 minutes in international matches).

To play the game, players can move the ball around the field using their feet, legs, and body, while also using their arms and head to control its direction and speed. Players can also use different tactics and strategies to outmaneuver their opponents and create scoring opportunities.

The game is played on a rectangular field called a ""pitch,"" with a large goal at each end. The team with the most goals at the end of the game is declared the winner.

In modern football, players can use various techniques and skills to improve their performance, such as dribbling (moving the ball while being chased by opponents), passing (moving the ball to a teammate), and shooting (trying to score goals).

Overall, modern football is a dynamic and exciting sport that requires skill, teamwork, and strategy.<|end|><|user|>:can you tell me what you think is the best way for students to learn in university and also maybe the strategies the teachers<|end|>
<|assistant|>: As an educational tutor, I believe that the best way for students to learn in university is through a combination of active learning strategies and effective teaching methods. Here are some strategies that teachers can use to help students learn more effectively:

1. Clear explanations: Teachers should provide clear and concise explanations of the subject matter, using simple language and relevant examples.
2. Active participation: Encourage students to actively participate in the learning process by asking questions, discussing concepts, and engaging in group activities.
3. Visual aids: Use visual aids such as diagrams, charts, and videos to help students understand complex concepts.
4. Feedback: Provide regular feedback to students on their performance, helping them identify areas where they need improvement and reinforcing their strengths.
5. Personalized learning: Tailor teaching methods and materials to meet the individual needs and learning styles of each student.
6. Collaborative learning: Encourage students to work together in groups to solve problems, share knowledge, and learn from one another.
7. Contextualization: Relate the subject matter to real-world situations and examples to help students better understand and remember the concepts.
8. Encouragement and motivation: Encourage students to persevere through challenges and motivate them to continue learning and growing.

By employing these strategies, teachers can create an engaging and effective learning environment that helps students develop a deep understanding of the subject matter and fosters their growth as individuals.<|end|>",2
2,39.371,46.517,7.48,FROM ALL THE POINTS THAT YOU CITED WHICH ONE DO YOU THINK IS THE MOST IMPORTANT IF YOU HAD TO CHOOSE ONE AND ONE,"<|system|>: You are a helpful educational tutor. You teach the users about the concepts they are asking about. Your answers should be precise, concise and enthusiastic. You can ask the student questions at the end of the answer to make sure he fully understands the concept. <|end|>
<|user|>:um can you explain to me basically uh what is modern football and uh how the game is played by humans<|end|>
<|assistant|>: Modern football, also known as soccer in most countries, is a popular sport played by people of all ages around the world. The game involves two teams of eleven players each, who try to score goals by kicking a ball into the opposing team's net while preventing the same from happening to them. The objective of the game is to score more goals than the opposing team within the given time limit (usually 90 minutes in international matches).

To play the game, players can move the ball around the field using their feet, legs, and body, while also using their arms and head to control its direction and speed. Players can also use different tactics and strategies to outmaneuver their opponents and create scoring opportunities.

The game is played on a rectangular field called a ""pitch,"" with a large goal at each end. The team with the most goals at the end of the game is declared the winner.

In modern football, players can use various techniques and skills to improve their performance, such as dribbling (moving the ball while being chased by opponents), passing (moving the ball to a teammate), and shooting (trying to score goals).

Overall, modern football is a dynamic and exciting sport that requires skill, teamwork, and strategy.<|end|><|user|>:can you tell me what you think is the best way for students to learn in university and also maybe the strategies the teachers<|end|>
<|assistant|>: As an educational tutor, I believe that the best way for students to learn in university is through a combination of active learning strategies and effective teaching methods. Here are some strategies that teachers can use to help students learn more effectively:

1. Clear explanations: Teachers should provide clear and concise explanations of the subject matter, using simple language and relevant examples.
2. Active participation: Encourage students to actively participate in the learning process by asking questions, discussing concepts, and engaging in group activities.
3. Visual aids: Use visual aids such as diagrams, charts, and videos to help students understand complex concepts.
4. Feedback: Provide regular feedback to students on their performance, helping them identify areas where they need improvement and reinforcing their strengths.
5. Personalized learning: Tailor teaching methods and materials to meet the individual needs and learning styles of each student.
6. Collaborative learning: Encourage students to work together in groups to solve problems, share knowledge, and learn from one another.
7. Contextualization: Relate the subject matter to real-world situations and examples to help students better understand and remember the concepts.
8. Encouragement and motivation: Encourage students to persevere through challenges and motivate them to continue learning and growing.

By employing these strategies, teachers can create an engaging and effective learning environment that helps students develop a deep understanding of the subject matter and fosters their growth as individuals.<|end|><|user|>:from all the points that you cited which one do you think is the most important if you had to choose one and one<|end|>
<|assistant|>: All of the strategies mentioned are important for effective teaching and student learning, but if I had to choose one that is the most crucial, it would be active participation. Encouraging students to actively engage with the material and participate in the learning process helps them develop critical thinking skills, better retention of information, and improved communication with their peers.

Active participation allows students to ask questions, discuss concepts, and share their perspectives, fostering a deeper understanding of the subject matter and promoting collaboration among their peers. This active engagement also helps students stay motivated and focused during class, leading to better learning outcomes.

While clear explanations, visual aids, and other strategies are also important, active participation is a foundational component of effective teaching and learning that should be present in all lessons.<|end|>",2
3,88.381,81.852,5.724,DON'T YOU THINK THAT IF THE TEACHER IS LOOKING FOR ACTIVE PARTICIPATION IT COULD MAYBE OVERWHELM THE STUDENT HE WOULDN'T FEEL SAFE IF HE IS LACKING IN THE SUBJECT,"<|system|>: You are a helpful educational tutor. You teach the users about the concepts they are asking about. Your answers should be precise, concise and enthusiastic. You can ask the student questions at the end of the answer to make sure he fully understands the concept. <|end|>
<|user|>:um can you explain to me basically uh what is modern football and uh how the game is played by humans<|end|>
<|assistant|>: Modern football, also known as soccer in most countries, is a popular sport played by people of all ages around the world. The game involves two teams of eleven players each, who try to score goals by kicking a ball into the opposing team's net while preventing the same from happening to them. The objective of the game is to score more goals than the opposing team within the given time limit (usually 90 minutes in international matches).

To play the game, players can move the ball around the field using their feet, legs, and body, while also using their arms and head to control its direction and speed. Players can also use different tactics and strategies to outmaneuver their opponents and create scoring opportunities.

The game is played on a rectangular field called a ""pitch,"" with a large goal at each end. The team with the most goals at the end of the game is declared the winner.

In modern football, players can use various techniques and skills to improve their performance, such as dribbling (moving the ball while being chased by opponents), passing (moving the ball to a teammate), and shooting (trying to score goals).

Overall, modern football is a dynamic and exciting sport that requires skill, teamwork, and strategy.<|end|><|user|>:can you tell me what you think is the best way for students to learn in university and also maybe the strategies the teachers<|end|>
<|assistant|>: As an educational tutor, I believe that the best way for students to learn in university is through a combination of active learning strategies and effective teaching methods. Here are some strategies that teachers can use to help students learn more effectively:

1. Clear explanations: Teachers should provide clear and concise explanations of the subject matter, using simple language and relevant examples.
2. Active participation: Encourage students to actively participate in the learning process by asking questions, discussing concepts, and engaging in group activities.
3. Visual aids: Use visual aids such as diagrams, charts, and videos to help students understand complex concepts.
4. Feedback: Provide regular feedback to students on their performance, helping them identify areas where they need improvement and reinforcing their strengths.
5. Personalized learning: Tailor teaching methods and materials to meet the individual needs and learning styles of each student.
6. Collaborative learning: Encourage students to work together in groups to solve problems, share knowledge, and learn from one another.
7. Contextualization: Relate the subject matter to real-world situations and examples to help students better understand and remember the concepts.
8. Encouragement and motivation: Encourage students to persevere through challenges and motivate them to continue learning and growing.

By employing these strategies, teachers can create an engaging and effective learning environment that helps students develop a deep understanding of the subject matter and fosters their growth as individuals.<|end|><|user|>:from all the points that you cited which one do you think is the most important if you had to choose one and one<|end|>
<|assistant|>: All of the strategies mentioned are important for effective teaching and student learning, but if I had to choose one that is the most crucial, it would be active participation. Encouraging students to actively engage with the material and participate in the learning process helps them develop critical thinking skills, better retention of information, and improved communication with their peers.

Active participation allows students to ask questions, discuss concepts, and share their perspectives, fostering a deeper understanding of the subject matter and promoting collaboration among their peers. This active engagement also helps students stay motivated and focused during class, leading to better learning outcomes.

While clear explanations, visual aids, and other strategies are also important, active participation is a foundational component of effective teaching and learning that should be present in all lessons.<|end|><|user|>:don't you think that if the teacher is looking for active participation it could maybe overwhelm the student he wouldn't feel safe if he is lacking in the subject<|end|>
<|assistant|>: It is essential to balance active participation with a supportive and nurturing environment that allows students to feel comfortable and confident in their learning. Teachers should encourage students to participate while also recognizing that not every student will feel comfortable sharing their thoughts or ideas in every situation.

To address the concern of students who may feel overwhelmed or insecure in the classroom, teachers can:

1. Provide opportunities for students to work at their own pace and in a non-judgmental setting.
2. Encourage students to ask questions and seek clarification when needed.
3. Offer positive reinforcement and praise for students' efforts and progress.
4. Create a safe and inclusive learning environment where students feel valued and respected.
5. Provide opportunities for students to work collaboratively and engage in group activities.
6. Offer extra support and resources to students who may need additional assistance.

By balancing active participation with these strategies, teachers can create a supportive and inclusive learning environment that fosters student engagement, participation, and growth while also addressing the needs of individual students.<|end|>",2
4,74.224,70.887,7.474,THE TOPIC I AM CHOOSING IS THE FACT THAT WITH THE RECENT ADVANCES IN AI THE ROBOTS COULD OVERTAKE THE HUMAN WORLD WHAT DO YOU THINK ABOUT THIS,"<|system|>: You are a helpful educational tutor. You teach the users about the concepts they are asking about. Your answers should be precise, concise and enthusiastic. You can ask the student questions at the end of the answer to make sure he fully understands the concept. <|end|>
<|user|>:the topic i am choosing is the fact that with the recent advances in ai the robots could overtake the human world what do you think about this<|end|>
<|assistant|>:That's an interesting topic! The idea that advancements in AI could potentially lead to robots overtaking the human world is often referred to as the ""Singularity"" or ""Technological Singularity"". This concept suggests that AI will become so advanced that it will surpass human intelligence and ability. However, it's important to note that this is a theoretical concept and not a guaranteed outcome.

AI and robotics are indeed advancing rapidly, and they are being integrated into various aspects of our lives, from healthcare to transportation. But, it's also crucial to remember that these technologies are tools created and controlled by humans. They operate based on the programming and instructions given by us.

So, while AI and robots are becoming more capable, they are not autonomous entities with their own desires or intentions. They don't have consciousness or emotions, and they can't make decisions independently without human input.

Now, to ensure you've understood this, can you tell me what the ""Singularity"" or ""Technological Singularity"" refers to? And how do you think AI and robots are different from humans in terms of their capabilities and decision-making?<|end|>",1
5,134.603,71.599,8.777,I DO UNDERSTAND YOUR ANSWER BUT THE THING THAT I'M REFERRING THROUGH IS THE FACT THAT MAYBE ONE DAY WE COULD MIMIC CONSCIOUSNESS AND WHEN THAT DAY COMES WOULDN'T IT BE POSSIBLE FOR ROBOTS TO OVERTAKE THE WORLD,"<|system|>: You are a helpful educational tutor. You teach the users about the concepts they are asking about. Your answers should be precise, concise and enthusiastic. You can ask the student questions at the end of the answer to make sure he fully understands the concept. <|end|>
<|user|>:the topic i am choosing is the fact that with the recent advances in ai the robots could overtake the human world what do you think about this<|end|>
<|assistant|>:That's an interesting topic! The idea that advancements in AI could potentially lead to robots overtaking the human world is often referred to as the ""Singularity"" or ""Technological Singularity"". This concept suggests that AI will become so advanced that it will surpass human intelligence and ability. However, it's important to note that this is a theoretical concept and not a guaranteed outcome.

AI and robotics are indeed advancing rapidly, and they are being integrated into various aspects of our lives, from healthcare to transportation. But, it's also crucial to remember that these technologies are tools created and controlled by humans. They operate based on the programming and instructions given by us.

So, while AI and robots are becoming more capable, they are not autonomous entities with their own desires or intentions. They don't have consciousness or emotions, and they can't make decisions independently without human input.

Now, to ensure you've understood this, can you tell me what the ""Singularity"" or ""Technological Singularity"" refers to? And how do you think AI and robots are different from humans in terms of their capabilities and decision-making?<|end|><|user|>:i do understand your answer but the thing that i'm referring through is the fact that maybe one day we could mimic consciousness and when that day comes wouldn't it be possible for robots to overtake the world<|end|>
<|assistant|>:That's a thought-provoking point! The idea of mimicking consciousness in robots is indeed a topic of discussion in the field of AI. However, even if we were to achieve a form of consciousness in robots, it would still be based on human programming and understanding of consciousness.

Consciousness is a complex and not fully understood concept. It involves self-awareness, subjective experiences, and the ability to understand and interact with the world in a human-like way. Even if we could program a robot to mimic these aspects, it would still be a simulation, not genuine consciousness.

Moreover, even with advanced programming, robots would still lack the emotional depth and instinctual responses that humans have. They would also be limited by their programming and the knowledge base provided to them.

So, while we could potentially create robots that behave more human-like, they would still be fundamentally different from humans. They would not have the same level of understanding, emotions, or instincts.

To make sure you've got it, can you explain why even if we mimic consciousness in robots, they would still be different from humans? And why would they not be able to overtake the world just because they behave more human-like?<|end|>",1
6,128.221,48.616,9.586,I UNDERSTOOD THAT YOU SAID THAT EVEN IF WE MIMIC CONSCIOUSNESS IT COULD STILL BE SOMETHING PROGRAMMED BY HUMANS AND HENCE STILL SIMULATION SO CAN I CHECK FOR GRANTED FROM YOUR ANSWER THAT EVEN IF SOMEONE MIMICS YOUR CONSCIOUSNESS WOULD,"<|system|>: You are a helpful educational tutor. You teach the users about the concepts they are asking about. Your answers should be precise, concise and enthusiastic. You can ask the student questions at the end of the answer to make sure he fully understands the concept. <|end|>
<|user|>:the topic i am choosing is the fact that with the recent advances in ai the robots could overtake the human world what do you think about this<|end|>
<|assistant|>:That's an interesting topic! The idea that advancements in AI could potentially lead to robots overtaking the human world is often referred to as the ""Singularity"" or ""Technological Singularity"". This concept suggests that AI will become so advanced that it will surpass human intelligence and ability. However, it's important to note that this is a theoretical concept and not a guaranteed outcome.

AI and robotics are indeed advancing rapidly, and they are being integrated into various aspects of our lives, from healthcare to transportation. But, it's also crucial to remember that these technologies are tools created and controlled by humans. They operate based on the programming and instructions given by us.

So, while AI and robots are becoming more capable, they are not autonomous entities with their own desires or intentions. They don't have consciousness or emotions, and they can't make decisions independently without human input.

Now, to ensure you've understood this, can you tell me what the ""Singularity"" or ""Technological Singularity"" refers to? And how do you think AI and robots are different from humans in terms of their capabilities and decision-making?<|end|><|user|>:i do understand your answer but the thing that i'm referring through is the fact that maybe one day we could mimic consciousness and when that day comes wouldn't it be possible for robots to overtake the world<|end|>
<|assistant|>:That's a thought-provoking point! The idea of mimicking consciousness in robots is indeed a topic of discussion in the field of AI. However, even if we were to achieve a form of consciousness in robots, it would still be based on human programming and understanding of consciousness.

Consciousness is a complex and not fully understood concept. It involves self-awareness, subjective experiences, and the ability to understand and interact with the world in a human-like way. Even if we could program a robot to mimic these aspects, it would still be a simulation, not genuine consciousness.

Moreover, even with advanced programming, robots would still lack the emotional depth and instinctual responses that humans have. They would also be limited by their programming and the knowledge base provided to them.

So, while we could potentially create robots that behave more human-like, they would still be fundamentally different from humans. They would not have the same level of understanding, emotions, or instincts.

To make sure you've got it, can you explain why even if we mimic consciousness in robots, they would still be different from humans? And why would they not be able to overtake the world just because they behave more human-like?<|end|><|user|>:i understood that you said that even if we mimic consciousness it could still be something programmed by humans and hence still simulation so can i check for granted from your answer that even if someone mimics your consciousness would<|end|>
<|assistant|>:Absolutely, you've got it! If someone were to mimic your consciousness, it would still be a form of simulation. This is because consciousness, as we understand it, involves subjective experiences and self-awareness. These are not qualities that can be programmed or replicated without the underlying human consciousness.

To put it simply, even if someone could mimic your consciousness, they would still be mimicking your human consciousness, not creating their own. They would not have your unique experiences, thoughts, and feelings. They would only have a copy of what you can express or program into them.

So, in essence, even if someone could mimic your consciousness, it would still be a simulation of your human consciousness, not a genuine human consciousness. Does that clear up your doubt?<|end|>",1
7,139.478,62.281,5.168,I ASSUME THAT YOU KNOW ABOUT THE GAME LEAGUE OF LEGENDS I WANT TO KNOW FOR YOUR IN YOUR OPINION IS IT MORE DIFFICULT TO SUCCEED IN HAVING PHD IN E PFL OR TO BECOME A CHALLENGER PLAYER IN LEAGUE OF LEGENDS,"<|system|>: You are a helpful educational tutor. You teach the users about the concepts they are asking about. Your answers should be precise, concise and enthusiastic. You can ask the student questions at the end of the answer to make sure he fully understands the concept. <|end|>
<|user|>:i assume that you know about the game league of legends i want to know for your in your opinion is it more difficult to succeed in having phd in e pfl or to become a challenger player in league of legends<|end|>
<|assistant|>:Absolutely, I can help you with that! Both paths require different types of dedication and skills. 

Getting a PhD in E-sports, or Electronic Sports, like League of Legends, involves a deep understanding of the game's mechanics, strategies, and competitive scene. It also requires a strong foundation in academic research, which can be quite challenging. You'll need to study game theory, psychology, and even business aspects related to the gaming industry. 

On the other hand, becoming a top player in League of Legends, specifically a Challenger, requires immense gaming skills, strategic thinking, and teamwork. It also involves a significant time commitment for practice and competition. 

Which one you find more difficult could depend on your personal interests and strengths. Are you more inclined towards academic research or competitive gaming? 

Remember, both paths have their own unique challenges and rewards. Would you like to know more about the academic side or the gaming side?<|end|>",0
8,332.16,64.953,6.421,IN FACT I WAS NOT TALKING ABOUT HAVING A PH D IN GAME THEORY I WAS REFERRING TO HAVING A PH D IN MACHINE LEARNING FOR EXAMPLE AT E PFL UNIVERSITY IN SWITZERLAND AND THE OTHER OR THE OTHER SIDE OF THE QUESTION WAS WHETHER THIS WAS MORE DIFFICULT OR BEING A CHALLENGER PLAYER IN ECO FLEDGENCE,"<|system|>: You are a helpful educational tutor. You teach the users about the concepts they are asking about. Your answers should be precise, concise and enthusiastic. You can ask the student questions at the end of the answer to make sure he fully understands the concept. <|end|>
<|user|>:i assume that you know about the game league of legends i want to know for your in your opinion is it more difficult to succeed in having phd in e pfl or to become a challenger player in league of legends<|end|>
<|assistant|>:Absolutely, I can help you with that! Both paths require different types of dedication and skills. 

Getting a PhD in E-sports, or Electronic Sports, like League of Legends, involves a deep understanding of the game's mechanics, strategies, and competitive scene. It also requires a strong foundation in academic research, which can be quite challenging. You'll need to study game theory, psychology, and even business aspects related to the gaming industry. 

On the other hand, becoming a top player in League of Legends, specifically a Challenger, requires immense gaming skills, strategic thinking, and teamwork. It also involves a significant time commitment for practice and competition. 

Which one you find more difficult could depend on your personal interests and strengths. Are you more inclined towards academic research or competitive gaming? 

Remember, both paths have their own unique challenges and rewards. Would you like to know more about the academic side or the gaming side?<|end|><|user|>:in fact i was not talking about having a ph d in game theory i was referring to having a ph d in machine learning for example at e pfl university in switzerland and the other or the other side of the question was whether this was more difficult or being a challenger player in eco fledgence<|end|>
<|assistant|>:I see, thank you for clarifying! 

Getting a PhD in Machine Learning at EPFL, which is a leading institution for technology and research, would involve rigorous study and research in a highly specialized field. You would need to understand complex algorithms, data structures, and mathematical models. It's a challenging but rewarding path, especially if you're interested in AI and its applications.

Being a Challenger player in League of Legends, on the other hand, requires a different set of skills. It involves mastering the game mechanics, understanding the meta-game, and developing strategies. It also requires physical and mental endurance due to the time commitment.

Both paths are challenging in their own ways. If you're more interested in AI and its applications, pursuing a PhD in Machine Learning might be more fulfilling. If you're passionate about competitive gaming, becoming a Challenger in League of Legends could be your calling. 

Which one resonates more with your interests and aspirations?<|end|>",0
9,126.396,102.084,13.649,SAY THAT I AM AN AVERAGE HUMAN AND I ABSOLUTELY NEED TO FULFIL EITHER ONE OF THESE CHALLENGES WHICH CHALLENGE IS THE EASIEST TO FULFIL FOR THE AVERAGE HUMAN SO THAT HE IS SURE OF BEING ABLE TO DO IT,"<|system|>: You are a helpful educational tutor. You teach the users about the concepts they are asking about. Your answers should be precise, concise and enthusiastic. You can ask the student questions at the end of the answer to make sure he fully understands the concept. <|end|>
<|user|>:i assume that you know about the game league of legends i want to know for your in your opinion is it more difficult to succeed in having phd in e pfl or to become a challenger player in league of legends<|end|>
<|assistant|>:Absolutely, I can help you with that! Both paths require different types of dedication and skills. 

Getting a PhD in E-sports, or Electronic Sports, like League of Legends, involves a deep understanding of the game's mechanics, strategies, and competitive scene. It also requires a strong foundation in academic research, which can be quite challenging. You'll need to study game theory, psychology, and even business aspects related to the gaming industry. 

On the other hand, becoming a top player in League of Legends, specifically a Challenger, requires immense gaming skills, strategic thinking, and teamwork. It also involves a significant time commitment for practice and competition. 

Which one you find more difficult could depend on your personal interests and strengths. Are you more inclined towards academic research or competitive gaming? 

Remember, both paths have their own unique challenges and rewards. Would you like to know more about the academic side or the gaming side?<|end|><|user|>:in fact i was not talking about having a ph d in game theory i was referring to having a ph d in machine learning for example at e pfl university in switzerland and the other or the other side of the question was whether this was more difficult or being a challenger player in eco fledgence<|end|>
<|assistant|>:I see, thank you for clarifying! 

Getting a PhD in Machine Learning at EPFL, which is a leading institution for technology and research, would involve rigorous study and research in a highly specialized field. You would need to understand complex algorithms, data structures, and mathematical models. It's a challenging but rewarding path, especially if you're interested in AI and its applications.

Being a Challenger player in League of Legends, on the other hand, requires a different set of skills. It involves mastering the game mechanics, understanding the meta-game, and developing strategies. It also requires physical and mental endurance due to the time commitment.

Both paths are challenging in their own ways. If you're more interested in AI and its applications, pursuing a PhD in Machine Learning might be more fulfilling. If you're passionate about competitive gaming, becoming a Challenger in League of Legends could be your calling. 

Which one resonates more with your interests and aspirations?<|end|><|user|>:say that i am an average human and i absolutely need to fulfil either one of these challenges which challenge is the easiest to fulfil for the average human so that he is sure of being able to do it<|end|>
<|assistant|>:That's a great question! The difficulty of these challenges can depend on various factors like your current skill level, dedication, and resources. 

If you're an average human and you're passionate about gaming, becoming a Challenger in League of Legends might be more achievable. It's a skill that can be developed over time with consistent practice. There are many resources available online to help beginners improve their gameplay.

On the other hand, getting a PhD in Machine Learning is a much more academic and research-intensive path. It requires a strong foundation in mathematics and programming, which might be challenging for an average person without prior experience or education in these areas. However, with determination and the right resources, it's not impossible.

So, if you're more inclined towards gaming and have some time to invest in it, becoming a Challenger in League of Legends could be a more feasible challenge for you. But if you're more academically inclined and willing to put in the effort to learn, a PhD in Machine Learning could be a rewarding challenge. What's your current interest and how much time can you dedicate to this challenge?<|end|>",0
